<?xml version="1.0" encoding="UTF-8"?>
<permissions>
    <privapp-permissions package="com.miui.packageinstaller">
    <permission name="android.permission.REAL_GET_TASKS"/>
    <permission name="android.permission.READ_INSTALL_SESSIONS"/>    
    <permission name="android.permission.RECEIVE_BOOT_COMPLETED"/>    
    <permission name="android.permission.USE_RESERVED_DISK"/>                        <permission name="android.permission.INSTALL_PACKAGES"/>
    <permission name="android.permission.PACKAGE_USAGE_STATS"/>                    <permission name="android.permission.WRITE_SECURE_SETTINGS"/>
    <permission name="android.permission.MANAGE_USERS"/>                             <permission name="android.permission.ACCESS_MTP"/>                                <permission name="android.permission.CLEAR_APP_CACHE"/>
    <permission name="android.permission.UPDATE_APP_OPS_STATS"/>                     <permission name="android.permission.DELETE_PACKAGES"/>
     <permission name="android.permission.INSTALL_PACKAGES"/>    
     <permission name="android.permission.QUERY_ALL_PACKAGES"/> 
     <permission name="android.permission.PACKAGE_USAGE_STATS"/>                     <permission name="android.permission.SUBSTITUTE_NOTIFICATION_APP_NAME"/>    
    </privapp-permissions>
    <privapp-permissions package="com.google.android.packageinstaller">
    <permission name="android.permission.REAL_GET_TASKS"/>
    <permission name="android.permission.READ_INSTALL_SESSIONS"/>    
    <permission name="android.permission.RECEIVE_BOOT_COMPLETED"/>    
    <permission name="android.permission.USE_RESERVED_DISK"/>                        <permission name="android.permission.INSTALL_PACKAGES"/>
    <permission name="android.permission.PACKAGE_USAGE_STATS"/>                    <permission name="android.permission.WRITE_SECURE_SETTINGS"/>
    <permission name="android.permission.MANAGE_USERS"/>                             <permission name="android.permission.ACCESS_MTP"/>                                <permission name="android.permission.CLEAR_APP_CACHE"/>
    <permission name="android.permission.UPDATE_APP_OPS_STATS"/>                     <permission name="android.permission.DELETE_PACKAGES"/>
     <permission name="android.permission.INSTALL_PACKAGES"/>    
     <permission name="android.permission.QUERY_ALL_PACKAGES"/> 
     <permission name="android.permission.PACKAGE_USAGE_STATS"/>                     <permission name="android.permission.SUBSTITUTE_NOTIFICATION_APP_NAME"/>   
    </privapp-permissions>    
    
    
    
        <privapp-permissions package="com.android.packageinstaller">
    <permission name="android.permission.REAL_GET_TASKS"/>
    <permission name="android.permission.READ_INSTALL_SESSIONS"/>    
    <permission name="android.permission.RECEIVE_BOOT_COMPLETED"/>    
    <permission name="android.permission.USE_RESERVED_DISK"/>                        <permission name="android.permission.INSTALL_PACKAGES"/>
    <permission name="android.permission.PACKAGE_USAGE_STATS"/>                    <permission name="android.permission.WRITE_SECURE_SETTINGS"/>
    <permission name="android.permission.MANAGE_USERS"/>                             <permission name="android.permission.ACCESS_MTP"/>                                <permission name="android.permission.CLEAR_APP_CACHE"/>
    <permission name="android.permission.UPDATE_APP_OPS_STATS"/>                     <permission name="android.permission.DELETE_PACKAGES"/>
     <permission name="android.permission.INSTALL_PACKAGES"/>    
     <permission name="android.permission.QUERY_ALL_PACKAGES"/> 
     <permission name="android.permission.PACKAGE_USAGE_STATS"/>                     <permission name="android.permission.SUBSTITUTE_NOTIFICATION_APP_NAME"/>   
    </privapp-permissions>    
</permissions>
